,id,name,score
0,245760,Les McCann,1.191246216612358
1,143367,The Duprees,1.191246216612358
2,532487,David Cassidy,0.0
3,593930,Argent,2.382492433224716
4,294923,Judy Collins,0.0
5,315403,Venom,0.0
6,161808,Shania Twain,1.191246216612358
7,94224,Ike & Tina Turner,4.764984866449432
8,661524,Donna Summer,5.956231083061791
9,251925,Wayne Smith,1.191246216612358
10,28692,Terry Gibbs,0.0
11,520215,Cactus,1.191246216612358
12,38936,Simon & Garfunkel,0.0
13,49180,Betty Harris,3.5737386498370745
14,567325,The Modern Jazz Quartet,4.764984866449432
15,788508,Beenie Man,0.0
16,145443,Fito Olivares,1.191246216612358
17,352294,Pixinguinha,12.088143941396616
18,796710,Freda Payne,0.0
19,239655,Sandi Patty,0.0
20,753706,The All-American Rejects,1.191246216612358
21,610346,Aimee Mann,0.0
22,446509,Metallica,2.382492433224716
23,210991,Destiny's Child,2.382492433224716
24,278575,Hoyt Axton,3.5737386498370745
25,34867,The Belmonts,0.0
26,327735,REO Speedwagon,0.0
27,133177,Tamar Braxton,0.0
28,1824831,Wisin & Yandel,0.0
29,243777,LÃ©o FerrÃ©,1.191246216612358
30,680003,Woody Shaw,1.191246216612358
31,796741,Eddy Arnold,1.191246216612358
32,798792,Graham Central Station,3.5737386498370745
33,790604,Taj Mahal,0.0
34,567374,Dallas Holm,1.191246216612358
35,690254,ZZ Top,1.191246216612358
36,200791,Waylon Jennings,0.0
37,788568,The Dillards,1.191246216612358
38,79960,Boston,1.191246216612358
39,6232,Robert Miles,0.0
40,577627,The Who,3.5737386498370745
41,788569,Barbara Mandrell,0.0
42,82013,The Impressions,1.191246216612358
43,28772,The 5th Dimension,3.5737386498370745
44,204901,Sarah Vaughan,1.191246216612358
45,501860,Against Me!,0.0
46,39013,Alkaline Trio,0.0
47,868456,Melba Montgomery,1.191246216612358
48,778344,LaVern Baker,0.0
49,131178,James Burton,10.721215949511222
50,219243,VinÃ­cius de Moraes,0.0
51,776301,Chico Hamilton,0.0
52,487534,Molotov,1.191246216612358
53,411761,Nina Simone,0.0
54,807026,Lyres,1.191246216612358
55,471156,Mickey Gilley,1.191246216612358
56,88180,Kid Rock,0.0
57,206967,Erroll Garner,1.191246216612358
58,678009,Henry Mancini,0.0
59,36987,Sonny Sharrock,0.0
60,176256,Elisa,1.6904588483790914
61,317571,Jennifer Love Hewitt,1.191246216612358
62,254083,Wayne Wonder,0.0
63,143494,The Dubliners,2.382492433224716
64,145543,Eddie Safranski,1.191246216612358
65,172167,Elliott Smith,0.0
66,766094,Commodores,0.0
67,784527,Barney Kessel,2.382492433224716
68,166033,Elvis Crespo,0.0
69,667794,Gordon Lightfoot,0.0
70,768149,Billy Taylor,0.0
71,184471,Unsane,0.0
72,329883,RX Bandits,1.191246216612358
73,848034,Jim Croce,2.382492433224716
74,577701,A.R. Rahman,0.0
75,749734,Slade,0.0
76,495784,Keely Smith,1.191246216612358
77,190632,Dottie West,0.0
78,213165,Jan & Dean,0.0
79,200882,Gene Pitney,11.91246216612358
80,934069,Brenda Lee,2.8381350971865142
81,577720,The Stanley Brothers,0.0
82,6334,Tony Bennett,0.0
83,456896,Michael Crawford,0.0
84,53441,Eden Ahbez,0.0
85,227527,Flatt & Scruggs,0.0
86,540883,Guns N' Roses,1.191246216612358
87,344275,Mel TormÃ©,0.0
88,622805,Stevie Wonder,1.191246216612358
89,633044,Strunz & Farah,0.0
90,817369,Derek & the Dominos,4.764984866449432
91,135391,Benny Golson,1.191246216612358
92,180449,Freddie Jackson,1.191246216612358
93,884962,Regina Belle,1.191246216612358
94,291043,Journey,1.191246216612358
95,176358,Jamiroquai,1.4190675485932571
96,176360,Charlie Robison,2.382492433224716
97,245992,Johnny Smith,0.0
98,84209,Kiss,2.382492433224716
99,358641,Every Avenue,1.191246216612358
100,796914,Carman,0.0
101,495861,Mindy McCready,1.191246216612358
102,833782,Liquid Liquid,1.191246216612358
103,628981,The Buckinghams,1.191246216612358
104,198901,Webb Pierce,1.191246216612358
105,831733,Lindsay Lohan,0.0
106,209142,George Harrison,0.0
107,116984,Chubby Checker,0.0
108,164093,Tammi Terrell,4.764984866449432
109,583935,Sun,2.8381350971865142
110,542976,Candi Staton,2.382492433224716
111,203008,Rush,0.0
112,956675,Darius Rucker,0.0
113,20740,Sizzla,0.0
114,307461,Van Morrison,0.0
115,246022,Merle Travis,0.0
116,104714,Kraftwerk,9.985612396860661
117,846092,Phosphorescent,12.852761417816104
118,936206,Alabama,0.0
119,798992,"Emerson, Lake & Palmer",2.382492433224716
120,688400,Willis Alan Ramsey,1.191246216612358
121,954646,Helen O'Connell,3.5737386498370745
122,796950,Elizabeth Cotten,1.4190675485932571
123,493848,Aphex Twin,4.764984866449432
124,690456,Youth of Today,1.191246216612358
125,583959,Willie Nelson,0.0
126,20760,Shelby Lynne,0.0
127,76057,King Crimson,0.0
128,387352,Norman Blake,0.0
129,631071,Buddy Tate,0.0
130,790820,Tool,1.191246216612358
131,86312,The Judds,1.191246216612358
132,10538,Spandau Ballet,1.191246216612358
133,753963,The Association,2.382492433224716
134,569644,Wizzard,1.191246216612358
135,835894,Lowell George,0.0
136,172350,Don Byas,0.0
137,201022,Lenny Welch,0.0
138,840000,Vangelis,0.0
139,821571,Smokey Robinson,0.0
140,182598,MC5,1.191246216612358
141,26952,Smokie Norful,1.4190675485932571
142,272713,Peter Knight,0.0
143,799053,Donovan,2.382492433224716
144,328014,Peter Tosh,0.0
145,335,PJ Harvey,1.191246216612358
146,543055,Georgie Fame,0.0
147,813392,Dean Martin,0.0
148,569685,The Temptations,3.5737386498370745
149,239961,Johnny Kidd & the Pirates,1.191246216612358
150,760154,Blind Faith,1.191246216612358
151,31067,Solomon Burke,1.191246216612358
152,256349,Peggy Lee,2.382492433224716
153,645474,David Essex,1.191246216612358
154,69986,Kenny Rogers,0.0
155,424296,The Righteous Brothers,1.191246216612358
156,178536,Edgar Winter,1.191246216612358
157,504169,Al Cohn,0.0
158,754032,The Beatles,27.398662982084243
159,24944,Amy Grant,2.382492433224716
160,334193,New Order,1.191246216612358
161,399733,Nickel Creek,0.0
162,311674,Vanilla Fudge,1.191246216612358
163,205180,Dr. John,0.0
164,776576,Israel Houghton,1.191246216612358
165,891264,The Outlaws,0.0
166,170369,Lynyrd Skynyrd,0.0
167,14724,Paul Brady,2.382492433224716
168,305541,Percy Faith,1.191246216612358
169,233862,Mahavishnu Orchestra,4.764984866449432
170,274822,Lonnie Mack,0.0
171,127369,Ahmad Jamal,2.382492433224716
172,33161,Sly & the Family Stone,7.603119963635946
173,188809,Eric Serra,0.0
174,405903,Midnight Oil,0.0
175,22928,Steppenwolf,1.191246216612358
176,749970,Ted Nugent,0.0
177,502163,10cc,1.191246216612358
178,129430,Cluster,2.382492433224716
179,133528,Jo Jo Gunne,1.191246216612358
180,766361,The Go-Betweens,1.191246216612358
181,289177,Sam the Sham & the Pharaohs,0.0
182,639397,Caetano Veloso,4.764984866449432
183,317865,Jennifer Lopez,3.5737386498370745
184,641450,Buddy Collette,1.191246216612358
185,188843,Dori Caymmi,7.085129252607752
186,59819,Betty Wright,0.0
187,151979,Bay City Rollers,0.0
188,772526,Irma Thomas,1.191246216612358
189,762288,Big Mama Thornton,2.382492433224716
190,809396,David Grisman,1.191246216612358
191,276917,Howard McGhee,0.0
192,903609,Jim Reeves,0.0
193,608701,Muddy Waters,2.382492433224716
194,793022,Cock Sparrer,0.0
195,758208,Beth Orton,2.382492433224716
196,942529,Buddy Guy,2.382492433224716
197,541125,Gerry & the Pacemakers,0.0
198,590285,Billy Preston,0.0
199,299471,Scorpions,0.0
200,123345,Claus Ogerman,2.8381350971865142
201,473554,Olivia Newton-John,0.0
202,74195,Natalie Cole,0.0
203,149973,Barbara Lynn,2.382492433224716
204,952794,Harry Belafonte,2.382492433224716
205,580058,Aaron Tippin,0.0
206,127451,Jackie DeShannon,0.0
207,162269,Faith Hill,1.191246216612358
208,686560,Wynonna,1.191246216612358
209,496097,Miriam Makeba,4.764984866449432
210,190946,Lefty Frizzell,4.992806198430331
211,866786,New York Dolls,1.191246216612358
212,332257,Neneh Cherry,2.382492433224716
213,211424,Dick Hyman,0.0
214,96744,Chris Rea,1.191246216612358
215,936425,Todd Rundgren,0.0
216,53739,Bette Midler,2.8381350971865142
217,745964,The Allman Brothers Band,4.764984866449432
218,184814,Don Gibson,0.0
219,578031,The Statler Brothers,0.0
220,743929,Stan Kenton,0.0
221,258567,Dillinger Four,0.0
222,469519,Ashley Tisdale,0.0
223,522768,Brooks & Dunn,2.382492433224716
224,651796,Gustavo Santaolalla,1.191246216612358
225,797205,Elizeth Cardoso,0.0
226,211483,Charlie Haden,0.0
227,680476,Hole,0.0
228,690718,Yolanda Adams,0.0
229,31263,AndraÃ© Crouch,2.382492433224716
230,238115,Sam Cooke,1.191246216612358
231,31274,Alan Parsons,1.191246216612358
232,414251,Otis Redding,10.721215949511222
233,956973,Hilary Duff,0.0
234,16944,Alpha Blondy,1.191246216612358
235,62002,Bachman-Turner Overdrive,1.191246216612358
236,750131,Terri Clark,1.191246216612358
237,627250,Buena Vista Social Club,6.971039207337639
238,885298,ReneÃ© Olstead,0.0
239,397876,Mavis Staples,0.0
240,397880,Nick Cave,1.191246216612358
241,610880,Brad Paisley,1.4190675485932571
242,426564,Ozomatli,2.382492433224716
243,770629,Illinois Jacquet,1.191246216612358
244,172612,Eddie Palmieri,0.0
245,248392,Wes Montgomery,0.0
246,789064,Extreme,0.0
247,143951,Faron Young,2.382492433224716
248,213590,Joe Williams,0.0
249,133719,Fatboy Slim,0.0
250,858710,Marty Robbins,0.0
251,578141,The Spinners,0.0
252,737886,Enrique Iglesias,2.382492433224716
253,131681,Pat Boone,0.0
254,172642,Joe Mooney,1.191246216612358
255,502371,Missy Elliott,3.5737386498370745
256,74340,Jimmy Raney,3.5737386498370745
257,252513,Wayne Watson,0.0
258,326249,Radiohead,1.191246216612358
259,410219,Merle Haggard,5.95623108306179
260,582253,Aaron Neville,4.764984866449432
261,961133,Dave Koz,1.191246216612358
262,830063,Robben Ford,0.0
263,842351,Pete Townshend,0.0
264,293490,Sarah Brightman,0.0
265,359026,Ricky Martin,0.0
266,615026,Asha Bhosle,0.0
267,369270,Professor Longhair,0.0
268,350840,Jimmy Buffett,0.0
269,533117,George Clinton,0.0
270,492162,The Prodigy,3.5737386498370745
271,107139,Bootsy Collins,5.956231083061791
272,193160,The Maddox Brothers & Rose,0.0
273,262794,Hootie & the Blowfish,0.0
274,744075,Toumani DiabatÃ©,6.867516410985386
275,590479,Thin Lizzy,1.191246216612358
276,225948,Dead Can Dance,1.191246216612358
277,582313,The Zombies,2.382492433224716
278,555695,Gipsy Kings,2.8381350971865142
279,287407,Jessica Simpson,1.191246216612358
280,271029,Esther Phillips,0.0
281,891575,The Orb,2.382492433224716
282,162487,Dixie Chicks,0.0
283,852665,Poncho Sanchez,0.0
284,185018,Finch,0.0
285,752314,Pavement,0.0
286,848572,Phil Woods,0.0
287,193216,Free,0.0
288,170690,Erskine Hawkins,2.382492433224716
289,221894,MFSB,1.191246216612358
290,133832,Clark Terry,3.801559981817973
291,199369,Cat Anderson,1.191246216612358
292,178889,Alton Ellis,0.0
293,858827,Queen,1.191246216612358
294,127696,Lalah Hathaway,1.4190675485932571
295,639697,Cachao,0.0
296,31442,Anastacia,0.0
297,836312,Junior Murvin,0.0
298,836313,Junior Reid,1.191246216612358
299,109274,Chris Montez,1.191246216612358
300,926428,Thomas Dolby,2.382492433224716
301,649950,George Martin,0.0
302,451296,Red House Painters,1.191246216612358
303,129761,Jimmy Webb,2.382492433224716
304,174822,Serge Gainsbourg,0.0
305,297702,Sammy Hagar,0.0
306,39656,Sonny Rollins,0.0
307,594665,Diana Ross,3.5737386498370745
308,385766,Rachelle Ferrell,0.0
309,617196,Brian Eno,3.5737386498370745
310,129775,Parliament,1.191246216612358
311,342768,Roscoe Holcomb,13.103708382735938
312,4852,Selena,0.0
313,197364,David Byrne,0.0
314,121590,Jacques Brel,1.4190675485932571
315,762618,Bob Eberly,1.191246216612358
316,391933,Rainbow,0.0
317,35587,Sick of It All,0.0
318,283405,Mark Chesnutt,0.0
319,92942,Chic,7.147477299674149
320,76561,Billy Ray Cyrus,0.0
321,170770,Erykah Badu,1.4190675485932571
322,129817,Shabba Ranks,2.382492433224716
323,664346,Glassjaw,0.0
324,631579,Bruce Cockburn,1.191246216612358
325,805661,Humble Pie,0.0
326,764702,Bill Evans,3.801559981817973
327,3271457,Troye Sivan,0.0
328,801573,Doris Troy,1.191246216612358
329,467749,Peggy Lee,4.027505414940953
330,279337,Sade,3.5737386498370745
331,242473,Johnny Adams,0.0
332,86826,Irene Cara,0.0
333,774956,Chris Kenner,1.191246216612358
334,33580,Super Cat,0.0
335,195373,CesÃ¡ria Ã‰vora,0.0
336,211758,Charlie Parker,0.0
337,607028,Arthur Lyman,0.0
338,82742,Iris DeMent,2.382492433224716
339,664378,Glen Campbell,0.0
340,170815,Fred Neil,5.95623108306179
341,934721,Tom Paxton,5.95623108306179
342,258882,Jon Secada,9.529969732898865
343,758601,Blossom Dearie,6.184052415042689
344,568137,The Strokes,0.0
345,119629,Joe Lovano,2.8381350971865142
346,330575,Neil Sedaka,0.0
347,246611,Judas Priest,0.0
348,926548,Iggy Pop,0.0
349,234325,Loretta Lynn,5.95623108306179
350,887638,Michael Hedges,1.191246216612358
351,21334,Stephanie Mills,0.0
352,19297,America,1.191246216612358
353,37730,Pearl Jam,2.382492433224716
354,109414,Courtney Love,0.0
355,758630,Better Than Ezra,0.0
356,330601,Pharoah Sanders,1.191246216612358
357,562030,Hawkshaw Hawkins,0.0
358,166767,Charlie Barnet,0.0
359,830319,Hugh Masekela,0.0
360,957296,Herbie Hancock,0.0
361,50034,Gary Moore,1.191246216612358
362,1878899,P!nk,1.191246216612358
363,162677,Dizzy Gillespie,0.0
364,25462,Tricky,2.382492433224716
365,811897,John Michael Montgomery,1.191246216612358
366,813946,Deftones,0.0
367,166785,Dan Fogelberg,0.0
368,785283,JoÃ£o Gilberto,3.5737386498370745
369,148355,Egg,0.0
370,551815,Gil Evans,0.0
371,330634,Jerry Goldsmith,0.0
372,80780,Sheryl Crow,2.382492433224716
373,496525,Moondog,0.0
374,86927,Kelly Clarkson,1.191246216612358
375,41874,The Beach Boys,8.338723516286507
376,805785,Joe Satriani,1.191246216612358
377,359326,Primus,1.191246216612358
378,619423,Ashford & Simpson,0.0
379,486305,Junior Parker,7.603119963635946
380,930722,Timi Yuro,1.191246216612358
381,834466,Roger McGuinn,2.382492433224716
382,177060,Janis Joplin,2.382492433224716
383,830375,Lorraine Ellison,1.191246216612358
384,320426,Tsunami Bomb,1.4190675485932571
385,658346,Gil Scott-Heron,1.4190675485932571
386,766893,The Isley Brothers,0.0
387,756656,Bert Jansch,7.147477299674149
388,361393,Prince,1.4190675485932571
389,154544,Green Day,0.0
390,334770,Ramsey Lewis,0.0
391,154548,Eric Burdon,1.191246216612358
392,3099573,Gawvi,2.382492433224716
393,418740,Sex Pistols,1.191246216612358
394,320442,Racer X,1.4190675485932571
395,89021,Jimmy Page,0.0
396,31685,Paul Simon,0.0
397,494537,Milt Hinton,0.0
398,127949,Jackie McLean,0.0
399,785357,James McMurtry,0.0
400,814036,Davy Graham,4.764984866449432
401,631774,The Byrds,3.5737386498370745
402,652255,Gilberto Gil,1.191246216612358
403,261087,Life of Agony,0.0
404,787428,Evanescence,0.0
405,11242,Sheb Wooley,0.0
406,19435,Shelly Manne,0.0
407,314346,Little Jimmy Dickens,0.0
408,334829,Jim & Jesse,0.0
409,175087,Elmer Bernstein,2.382492433224716
410,504815,Art Garfunkel,0.0
411,936946,Tommy Makem,2.8381350971865142
412,869364,Nicole,0.0
413,502774,The Rivieras,0.0
414,584695,Willie Johnson,0.0
415,300024,Prefab Sprout,0.0
416,58361,Betty Everett,0.0
417,148477,Clarence Carter,2.382492433224716
418,64509,Bobby Womack,1.191246216612358
419,158717,DÃ³ris Monteiro,1.191246216612358
420,762885,Avril Lavigne,2.382492433224716
421,807949,Underworld,2.382492433224716
422,347151,Jewel,2.382492433224716
423,416785,Nino Rota,2.382492433224716
424,115733,J.B. Lenoir,2.382492433224716
425,74776,Bill Bruford,0.0
426,240665,Jeff Buckley,1.191246216612358
427,660507,Giorgio Moroder,0.0
428,168993,Elf,1.191246216612358
429,422947,Minor Threat,1.191246216612358
430,185383,French Kicks,1.191246216612358
431,484396,Ornette Coleman,3.5737386498370745
432,842802,Peter Gabriel,0.0
433,607283,Tito Puente,1.191246216612358
434,848952,"Richard ""Groove"" Holmes",0.0
435,683065,Wynn Stewart,1.191246216612358
436,592954,Tim McGraw,1.191246216612358
437,70715,Bobby Darin,2.382492433224716
438,7230,Brian May,0.0
439,511041,Aterciopelados,1.191246216612358
440,130115,Jackson C. Frank,4.764984866449432
441,359494,Prince Buster,2.382492433224716
442,13384,Tanya Tucker,1.191246216612358
443,1097,ToÃ±o Rosario,1.191246216612358
444,87113,The Jordanaires,0.0
445,625739,Stevie Ray Vaughan,1.191246216612358
446,50251,Blind Melon,1.191246216612358
447,144458,Curtis Mayfield,0.0
448,830538,Robert Plant,0.0
449,457807,O.V. Wright,3.5737386498370745
450,560208,Harry Nilsson,0.0
451,76881,Jimmy Reed,0.0
452,396372,Max Roach,1.191246216612358
453,248916,Johnny Osbourne,1.191246216612358
454,187478,Eric Clapton,2.382492433224716
455,117844,"Hank Williams, Jr.",0.0
456,588887,Thom Yorke,0.0
457,296024,RubÃ©n Blades,0.0
458,267354,Horace Silver,3.8015599818179733
459,476248,The Mooney Suzuki,0.0
460,767068,Keith Richards,0.0
461,617568,Brenton Wood,3.5737386498370745
462,185440,David Lanz,0.0
463,128099,James Brown,4.992806198430332
464,109669,IsmaÃ«l LÃ´,1.4190675485932571
465,246885,Johnny Mathis,1.191246216612358
466,388198,Neurosis,0.0
467,310383,PÃ©rez Prado,1.191246216612358
468,834673,Linda Jones,2.382492433224716
469,857203,Kay Starr,0.0
470,232564,John Lennon,0.0
471,273531,Liza Minnelli,0.0
472,836737,Jumbo,0.0
473,574597,ABC,1.191246216612358
474,418955,The Shangri-Las,2.382492433224716
475,517264,Tom Rush,1.191246216612358
476,425105,The Skatalites,1.191246216612358
477,105618,Ladysmith Black Mambazo,2.8381350971865142
478,165011,Dionne Warwick,3.5737386498370745
479,341137,Roy Buchanan,0.0
480,83095,Kirk Franklin,1.191246216612358
481,767129,The Heartbeats,0.0
482,654490,Guitar Slim,4.764984866449432
483,418981,The Shirelles,1.191246216612358
484,414889,The Presidents of the United States of America,1.6904588483790914
485,267435,DiÃ³medes DÃ­az,4.764984866449432
486,179379,Elvin Jones,1.191246216612358
487,939187,Buju Banton,2.8381350971865142
488,122037,Bappi Lahiri,1.191246216612358
489,175286,Dolly Parton,0.0
490,578744,William Bell,0.0
491,797881,Ella Mae Morse,2.382492433224716
492,81083,Bill Monroe,1.191246216612358
493,29884,Paul McCartney,0.0
494,359613,Rick Springfield,0.0
495,818366,Leonard Rosenman,1.4190675485932571
496,605375,Alan Jackson,1.191246216612358
497,191680,Gato Barbieri,0.0
498,502978,Oysterhead,2.382492433224716
499,13511,Sister Rosetta Tharpe,0.0
500,636106,Buckwheat Zydeco,9.529969732898865
501,785611,The Dave Clark Five,0.0
502,189644,Doris Day,0.0
503,646353,George Russell,1.191246216612358
504,191699,Gal Costa,0.0
505,253142,Scott Walker,0.0
506,758999,Boards of Canada,2.382492433224716
507,607448,Al Green,2.382492433224716
508,9437,SHeDAISY,0.0
509,756959,Steve Young,0.0
510,771297,King Sunny Ade,2.382492433224716
511,240865,Jeff Beck,2.382492433224716
512,988386,Cecil Taylor,1.191246216612358
513,748773,Amos Milburn,1.191246216612358
514,775406,Chris Cornell,0.0
515,66800,Bola Sete,2.382492433224716
516,664817,Gloria Estefan,0.0
517,390390,Ohio Players,0.0
518,128249,Eydie Gorme,1.191246216612358
519,101628,Charlie Ventura,0.0
520,165117,Tamia,0.0
521,558339,Hank Jones,1.4190675485932571
522,816387,Leon Russell,0.0
523,62729,Bobby Sherman,1.191246216612358
524,36106,Steve Miller Band,0.0
525,931086,Astrud Gilberto,2.382492433224716
526,185615,Gary Stewart,0.0
527,761108,Avail,5.95623108306179
528,242966,Lennie Tristano,1.191246216612358
529,806168,Veruca Salt,1.191246216612358
530,898331,Mississippi Fred McDowell,9.022187512229204
531,240923,Sam Phillips,1.6904588483790914
532,40225,Gladys Knight,1.191246216612358
533,165162,Gentle Giant,1.191246216612358
534,498987,SWV,1.191246216612358
535,81194,"Bobby ""Blue"" Bland",2.8381350971865142
536,793898,Cockney Rejects,1.191246216612358
537,34094,The Archies,1.191246216612358
538,245039,Vassar Clements,1.191246216612358
539,177454,M People,2.382492433224716
540,752945,Paul van Dyk,1.191246216612358
541,275757,Pharrell Williams,0.0
542,988471,Enya,2.382492433224716
543,347451,Plumb,1.191246216612358
544,1426748,Prince,2.382492433224716
545,199995,Genesis,0.0
546,597309,Tina Turner,0.0
547,68934,Kenny G,0.0
548,17748,Patti LaBelle,0.0
549,2592086,Frank Ocean,2.382492433224716
550,669015,Malvina Reynolds,2.8817050649914497
551,75100,Bad Company,2.382492433224716
552,234844,Debbie Harry,0.0
553,111969,Tye Tribbett,0.0
554,28002,Shinedown,1.191246216612358
555,66915,Bob Dylan,39.53894648018871
556,800100,Eric Dolphy,1.191246216612358
557,806247,Charlie Daniels,0.0
558,540010,Capleton,1.191246216612358
559,771438,Black Sabbath,0.0
560,3495279,Andy Black,2.398875293967098
561,474482,Minutemen,1.191246216612358
562,617844,Albert King,4.764984866449432
563,859509,Quicksand,1.191246216612358
564,486775,Otis Spann,1.191246216612358
565,275832,Ron Carter,1.191246216612358
566,681340,Yellowman,2.382492433224716
567,5501,System of a Down,1.191246216612358
568,95613,Chico Buarque,0.0
569,839037,Little Caesar,0.0
570,390532,Oingo Boingo,0.0
571,552325,"Orlando ""Cachaito"" Lopez",2.8381350971865142
572,793988,Eddie Cochran,0.0
573,200074,Lenny Kravitz,2.382492433224716
574,478603,The Monkees,1.191246216612358
575,376204,Mary J. Blige,1.4190675485932571
576,122252,Lady Saw,3.5737386498370745
577,796045,Fishbone,0.0
578,210323,Joe Tex,2.382492433224716
579,167320,Fear Factory,0.0
580,206241,Eurythmics,1.191246216612358
581,85410,Billy Joe Royal,0.0
582,769444,BjÃ¶rk,0.0
583,763301,The Fugs,1.191246216612358
584,781732,Clannad,0.0
585,546214,Gwen Stefani,0.0
586,99753,Connie Smith,1.191246216612358
587,921002,Ann Peebles,9.757791064879763
588,751019,The Animals,1.191246216612358
589,118189,Clay Walker,1.191246216612358
590,378288,Massive Attack,2.382492433224716
591,402872,The Meters,1.191246216612358
592,128440,Duran Duran,0.0
593,13755,Starcastle,0.0
594,136640,Tammy Wynette,3.5737386498370745
595,175553,John Coltrane,1.191246216612358
596,806336,Los Tigres del Norte,2.382492433224716
597,804289,Lynn Anderson,1.191246216612358
598,93632,Robert Palmer,0.0
599,781766,Cro-Mags,2.382492433224716
600,753094,Son House,0.0
601,134600,D'Angelo,1.4190675485932571
602,490952,Anthrax,1.191246216612358
603,191947,War,7.603119963635946
604,138699,Frank Zappa,0.0
605,9680,Charles Mingus,0.0
606,253397,Dick Gaughan,9.529969732898865
607,175579,Disturbed,0.0
608,603621,Tinariwen,2.8381350971865142
609,230886,Roaring Lion,0.0
610,855531,Barbra Streisand,0.0
611,497132,Milton Nascimento,2.382492433224716
612,642542,Burt Bacharach,4.764984866449432
613,159214,Dusty Springfield,0.0
614,368112,Martina McBride,2.382492433224716
615,988655,Donna the Buffalo,0.0
616,179698,Pat Metheny,2.382492433224716
617,548338,Cannonball Adderley,2.382492433224716
618,742899,Stan Getz,1.191246216612358
619,361973,Kashif,2.382492433224716
620,337404,Jerry Rivera,1.4190675485932571
621,894465,The Rolling Stones,14.294954599348298
622,245250,Juanes,0.0
623,558596,Hampton Hawes,1.191246216612358
624,796166,Don Cherry,1.191246216612358
625,7689,TLC,3.5737386498370745
626,17929,Patti Austin,0.0
627,941579,Buck Owens,0.0
628,781837,AntÃ´nio Carlos Jobim,0.0
629,140816,Eddie Hazel,2.382492433224716
630,198162,Johnnie Taylor,0.0
631,531986,David Bowie,0.0
632,110104,Cissy Houston,1.191246216612358
633,308762,Penguin Cafe Orchestra,1.191246216612358
634,69153,Joan Baez,0.0
635,585249,Annie Lennox,0.0
636,824866,Marian McPartland,0.0
637,243238,Johnny Clegg,0.0
638,296487,Roger Daltrey,0.0
639,71209,Leonard Cohen,0.0
640,30250,AndrÃ© Previn,0.0
641,3627,Pato Banton,1.191246216612358
642,515628,Tom T. Hall,1.191246216612358
643,611881,Atomic Rooster,0.0
644,2993710,Don Covay,7.147477299674149
645,863790,Rage Against the Machine,3.5737386498370745
646,939567,Buffalo Springfield,2.382492433224716
647,87597,Ian Hunter,0.0
648,36402,Sonny Bono,1.191246216612358
649,945711,Candy Dulfer,0.0
650,394806,Randy Newman,2.382492433224716
651,169526,Frankie Paul,1.191246216612358
652,636474,Bunny Wailer,1.191246216612358
653,331323,10 Years,0.0
654,169536,Ferlin Husky,1.191246216612358
655,38466,Andy Williams,0.0
656,894531,Otis Clay,0.0
657,206407,Descendents,0.0
658,128585,Jackie Mittoo,2.382492433224716
659,575051,Herman's Hermits,2.382492433224716
660,124492,Beck,1.191246216612358
661,1611,Speedy,2.382492433224716
662,34382,Paul Young,0.0
663,769616,Jimmy Rogers,2.382492433224716
664,138833,Fela Kuti,4.764984866449432
665,673360,Helen Forrest,4.764984866449432
666,251474,Junior Byles,1.191246216612358
667,366164,Rick James,0.0
668,753237,Suzy Bogguss,0.0
669,2825814,Bastille,1.6904588483790914
670,24152,Sherbet,0.0
671,626268,Buffy Sainte-Marie,0.0
672,175708,Ry Cooder,0.0
673,443997,Sylvia Telles,0.0
674,837215,Lucinda Williams,2.382492433224716
675,454240,Red Sovine,0.0
676,751201,ThalÃ­a,0.0
677,351842,Jimmy Castor,1.191246216612358
678,372322,Natalie Merchant,0.0
679,642664,George Shearing,0.0
680,233066,Lou Reed,0.0
681,806507,Tyrone Davis,1.191246216612358
682,46699,The Everly Brothers,0.0
683,163435,Bebel Gilberto,0.0
684,792175,Fats Navarro,2.382492433224716
685,745071,Alison Krauss,1.4190675485932571
686,89713,Billy Lee Riley,0.0
687,171637,Duane Eddy,0.0
688,804476,Charles Aznavour,0.0
689,822910,Hoobastank,1.191246216612358
690,212612,Johnny Hartman,1.191246216612358
691,345734,Rosemary Clooney,2.382492433224716
692,46727,Edwin Starr,0.0
693,269972,Little Willie John,9.529969732898865
694,237205,Madonna,1.191246216612358
695,341652,Roy Clark,0.0
696,175775,Eek-A-Mouse,1.191246216612358
697,472735,Rhonda Vincent,0.0
698,235169,Rob Zombie,1.191246216612358
699,102050,The Kingston Trio,0.0
700,384675,Mary Wells,4.764984866449432
701,640675,Bud Powell,1.191246216612358
702,52900,The Lovin' Spoonful,1.191246216612358
703,517796,Brian Poole & the Tremeloes,0.0
704,683686,Willie Nile,0.0
705,800426,Greg Brown,2.382492433224716
706,48816,Bernadette Peters,0.0
707,685751,Yma Sumac,1.191246216612358
708,505532,Tim Hardin,3.5737386498370745
709,46784,Syl Johnson,0.0
710,829125,Loleatta Holloway,0.0
711,120521,Chuck Berry,4.764984866449432
712,921289,Stuart Duncan,1.191246216612358
713,673486,Marc Anthony,0.0
714,292559,Roberto Menescal,0.0
715,536275,Sweet,1.191246216612358
716,577235,The Staple Singers,0.0
717,491220,The Ronettes,0.0
718,790227,Tal Farlow,0.0
719,18137,Paul Motian,0.0
720,921306,808 State,2.382492433224716
721,859868,Quiet Riot,0.0
722,118493,JoÃ£o Donato,0.0
723,145128,Echo & the Bunnymen,0.0
724,495338,Ace of Base,1.191246216612358
725,642796,Camille Yarbrough,2.382492433224716
726,270060,Marie Osmond,0.0
727,26350,Wolfgang Amadeus Mozart,5.715302236126328
728,831215,Saint Etienne,3.8015599818179733
729,403184,The Osmonds,0.0
730,397042,Maynard Ferguson,0.0
731,628467,Britney Spears,1.191246216612358
732,816890,Johnny Cash,1.4190675485932571
733,151290,BÃ©la Fleck,2.382492433224716
734,868092,McCoy Tyner,2.382492433224716
735,816896,Johnnie Ray,1.191246216612358
736,263937,Dio,3.5737386498370745
737,218885,Horace Andy,1.191246216612358
738,925450,Three Dog Night,0.0
739,233228,Lou Rawls,0.0
740,46861,Ray Charles,2.382492433224716
741,898828,The Searchers,0.0
742,485135,311,1.191246216612358
743,227088,Deana Carter,1.191246216612358
744,493327,They Might Be Giants,1.191246216612358
745,921359,The Tremeloes,0.0
746,59156,B.B. King,2.382492433224716
747,100116,Charlie Wilson,0.0
748,796439,Carlos Vives,2.382492433224716
749,325401,Petula Clark,0.0
750,804635,Grim Reaper,0.0
751,626463,Stone Temple Pilots,1.191246216612358
752,376608,The Marvelettes,5.956231083061791
753,380704,Red Foley,1.191246216612358
754,311074,Martin Denny,1.191246216612358
755,98081,Engelbert Humperdinck,0.0
756,57124,The Chambers Brothers,0.0
757,120615,Joe Brown,2.610313765205615
758,40743,Audioslave,1.4190675485932571
759,61226,Babyface,0.0
760,874289,Menudo,0.0
761,814898,Lee Dorsey,2.382492433224716
762,479028,Anita O'Day,4.764984866449432
763,20278,Teddy Pendergrass,1.191246216612358
764,354105,Jimi Hendrix,19.322761176680636
765,202554,Johnny Mandel,5.95623108306179
766,913210,Hurt,9.529969732898865
767,100160,The Kinks,3.5737386498370745
768,943936,Buddy Miles,2.8381350971865142
769,333634,Phil Ochs,9.529969732898865
770,206658,Werly Fairburn,2.8381350971865142
771,927555,Aretha Franklin,0.0
772,466759,Michael W. Smith,1.191246216612358
773,366407,Nancy Sinatra,0.0
774,477001,Texas Tornados,4.764984866449432
775,22348,Patty Griffin,2.382492433224716
776,132940,Lata Mangeshkar,1.191246216612358
777,112462,Cream,1.191246216612358
778,67406,The Chieftains,2.382492433224716
779,223054,John Fahey,0.0
780,673621,ManÃ¡,2.382492433224716
781,489303,The Yardbirds,2.382492433224716
782,843607,Peter Hammill,0.0
783,61273,Baaba Maal,4.764984866449432
784,55128,Bo Diddley,0.0
785,489316,Oscar Peterson,0.0
786,188261,Eric Johnson,0.0
787,745316,Stanley Clarke,0.0
788,1431398,Will Ackerman,0.0
789,616296,Ashlee Simpson,1.191246216612358
790,894827,"Oscar Brown, Jr.",4.764984866449432
791,593772,April Wine,0.0
792,894831,Oscar D'LeÃ³n,1.191246216612358
793,135024,Larry Williams,1.191246216612358
794,175992,Rise Against,0.0
795,825208,Lightnin' Hopkins,0.0
796,51066,Craig Armstrong,2.382492433224716
797,579458,Luciano Pavarotti,2.382492433224716
798,692100,Youssou N'Dour,2.8381350971865142
799,198532,Doug Sahm,1.191246216612358
800,81796,Kenny Clarke,0.0
801,219021,Luiz BonfÃ¡,1.191246216612358
802,98189,Kitty Wells,1.191246216612358
803,126862,Jaguares,1.191246216612358
804,798606,Fugazi,0.0
805,343954,Mercyful Fate,1.191246216612358
806,423829,Miles Davis,1.191246216612358
807,38805,Angie Stone,0.0
808,677781,Wilson Pickett,0.0
809,384920,R. Stevie Moore,0.0
810,16281,Tracy Chapman,2.382492433224716
811,892823,Mick Jagger,0.0
812,776093,Kylie Minogue,0.0
813,825251,Marilyn Manson,0.0
814,749476,Trisha Yearwood,2.382492433224716
815,260007,Dinah Shore,0.0
816,655273,Ginger Baker,0.0
817,204714,Johnny Shines,0.0
818,352171,Richie Spice,13.32296012581391
819,122795,L.T.D.,0.0
820,806829,Jane's Addiction,0.0
821,266160,Pete Seeger,0.0
822,47033,The Blue Nile,1.191246216612358
823,165818,Charley Pride,1.191246216612358
824,792507,Frank Sinatra,0.0
825,307135,Rick Nielsen,1.191246216612358
826,337856,Mother Maybelle Carter,1.191246216612358
827,133057,Jo Dee Messina,1.191246216612358
828,368578,Puffy AmiYumi,1.191246216612358
829,815039,John Lee Hooker,0.0
830,313284,Little Feat,0.0
831,165830,Cocoa Tea,0.0
832,303050,Rufus Thomas,0.0
833,237517,Lee Hazlewood,7.147477299674149
834,884686,Norah Jones,2.382492433224716
835,864209,Neil Diamond,0.0
836,554963,Harry Chapin,2.8381350971865142
837,290775,Sam Rivers,0.0
838,837592,June Christy,0.0
839,171994,Joe South,0.0
840,223197,Hot Water Music,0.0
841,780258,Christina Aguilera,1.191246216612358
842,75747,The Clash,1.191246216612358
843,681956,Xscape,1.191246216612358
844,241635,Dennis DeYoung,0.0
845,944105,Grupo ManÃ­a,1.4190675485932571
846,16361,Patty Duke,1.191246216612358
847,1028077,The-Dream,0.0
848,135152,Jodeci,2.382492433224716
849,747506,Patti Page,0.0
850,751604,Slint,1.191246216612358
851,24568,Shirley Collins,0.0
852,94205,Chet Atkins,0.0
853,102399,Larry Carlton,1.191246216612358
